DepthBin,cast,distanceFromVlfr,variable,value
1,1,4.03158342115108,fish_larvae,2.52028832098392
2,1,4.05355045983034,fish_larvae,18.6361618276594
3,1,4.06348303035322,fish_larvae,6.21942117920226
4,1,4.06902963784582,fish_larvae,12.9397353392799
5,1,4.07200982830871,fish_larvae,2.5706940874036
6,1,4.07500976449527,fish_larvae,2.12454056810215
7,1,4.07735623010987,fish_larvae,2.98917917139953
8,1,4.08248301232065,fish_larvae,0
9,1,4.08316114996853,fish_larvae,1.2479097511668
10,1,4.08555233478316,fish_larvae,1.47741039505954
11,1,4.08756316522585,fish_larvae,1.56749639475829
12,1,4.08991596872337,fish_larvae,0
13,1,4.09228865469928,fish_larvae,1.54861089602626
14,1,4.09498399112853,fish_larvae,0
15,1,4.0970057957386,fish_larvae,2.25499481351193
16,1,4.09971147451926,fish_larvae,0
17,1,4.10098984825328,fish_larvae,2.88842032292539
18,1,4.10389226230576,fish_larvae,0
19,1,4.10811158148035,fish_larvae,2.6502000901068
20,1,4.11172209437533,fish_larvae,1.20125891934748
21,1,4.11551112708526,fish_larvae,0
22,1,4.11929106880652,fish_larvae,0
23,1,4.12377836636996,fish_larvae,2.73478094404638
24,1,4.1264976968515,fish_larvae,1.10805779629465
25,1,4.13085695899864,fish_larvae,0
26,1,4.13590538870706,fish_larvae,1.90421784252118
27,1,4.14109100439699,fish_larvae,0
28,1,4.14480427145875,fish_larvae,0
29,1,4.14711212948576,fish_larvae,3.38249222026789
30,1,4.1508266735984,fish_larvae,0
31,1,4.15383730142998,fish_larvae,0
32,1,4.15691512467405,fish_larvae,0
33,1,4.15998357527931,fish_larvae,0
34,1,4.16366039664861,fish_larvae,0
35,1,4.16738686652138,fish_larvae,1.26014416049196
36,1,4.17048277886183,fish_larvae,0
37,1,4.1745329400125,fish_larvae,0
38,1,4.17824976342603,fish_larvae,0
39,1,4.18206327969689,fish_larvae,0
40,1,4.18639044180048,fish_larvae,0
41,1,4.19103886645548,fish_larvae,0
42,1,4.19607079108172,fish_larvae,0
43,1,4.20007448775252,fish_larvae,0
44,1,4.20599448587591,fish_larvae,0
45,1,4.21146100007597,fish_larvae,0
46,1,4.21807653016036,fish_larvae,0
47,1,4.22180018320257,fish_larvae,1.35299688810716
48,1,4.22582260546374,fish_larvae,0
49,1,4.22911181724013,fish_larvae,0
50,1,4.23386076309555,fish_larvae,0
51,1,4.23791867449502,fish_larvae,0
52,1,4.24199888425937,fish_larvae,0
53,1,4.24645298326846,fish_larvae,0
54,1,4.25162566673251,fish_larvae,1.73695546446189
55,1,4.25717463147324,fish_larvae,0
56,1,4.26181788297836,fish_larvae,0
57,1,4.26670146342824,fish_larvae,0
58,1,4.27009561440391,fish_larvae,0
59,1,4.27381674712127,fish_larvae,0
60,1,4.27845223055081,fish_larvae,0
61,1,4.28302735896599,fish_larvae,0
62,1,4.28765496394785,fish_larvae,0
63,1,4.29251982179579,fish_larvae,0
64,1,4.29572530455707,fish_larvae,0
65,1,4.29984603476864,fish_larvae,0
66,1,4.30382054844024,fish_larvae,0
67,1,4.30571261802584,fish_larvae,0
68,1,4.30989115354185,fish_larvae,0
69,1,4.31397213118285,fish_larvae,0
70,1,4.31811965185195,fish_larvae,0
71,1,4.32141561623514,fish_larvae,0
72,1,4.32613470036766,fish_larvae,0
73,1,4.33045470640785,fish_larvae,0
74,1,4.33538214029628,fish_larvae,0
75,1,4.34104118355992,fish_larvae,0
76,1,4.34633172035707,fish_larvae,0
77,1,4.35118681236842,fish_larvae,0
78,1,4.36042708696167,fish_larvae,0
79,1,4.36448352213908,fish_larvae,0
80,1,4.36744680836072,fish_larvae,0
81,1,4.37415834024737,fish_larvae,0
82,1,4.37824034292385,fish_larvae,0
83,1,4.38239041153984,fish_larvae,0
84,1,4.38713993732545,fish_larvae,0
85,1,4.39133531410592,fish_larvae,0
86,1,4.39629736090599,fish_larvae,0
87,1,4.40042779390961,fish_larvae,0
88,1,4.40587714727275,fish_larvae,0.918105031215571
89,1,4.4100416011805,fish_larvae,0
90,1,4.41502897071717,fish_larvae,0
91,1,4.41832252586691,fish_larvae,0
92,1,4.42233444991354,fish_larvae,1.05356315057525
93,1,4.42597736893418,fish_larvae,0
94,1,4.43021796274992,fish_larvae,0
95,1,4.43476517065745,fish_larvae,0
96,1,4.44014824365561,fish_larvae,0
97,1,4.44515987279949,fish_larvae,0
98,1,4.4508467383925,fish_larvae,0
99,1,4.45585002656594,fish_larvae,0
100,1,4.46288169215446,fish_larvae,0
101,1,4.47049326978612,fish_larvae,0
102,1,4.47917443945589,fish_larvae,0.306765404224773
103,1,4.4896527047757,fish_larvae,0
1,5,5.94532485841057,fish_larvae,0
2,5,5.96310965444567,fish_larvae,5.12187626522539
3,5,5.9747951040227,fish_larvae,6.12070020810381
4,5,5.98194872112936,fish_larvae,8.34640937468701
5,5,5.98585192010176,fish_larvae,4.76054460630296
6,5,5.98816495849851,fish_larvae,3.53765241385816
7,5,5.99009490123996,fish_larvae,0.973747760380151
8,5,5.99728142904535,fish_larvae,0
9,5,5.99766745013528,fish_larvae,0
10,5,6.00081244089467,fish_larvae,1.47741039505954
11,5,6.00277669119141,fish_larvae,0
12,5,6.0060988420605,fish_larvae,0
13,5,6.00688791485816,fish_larvae,0
14,5,6.00888921602503,fish_larvae,0
15,5,6.01283476321494,fish_larvae,0
16,5,6.01679191285952,fish_larvae,0
17,5,6.01994860209637,fish_larvae,4.43223118517862
18,5,6.02389970037404,fish_larvae,1.16849731245618
19,5,6.02746163846982,fish_larvae,0
20,5,6.03180267806743,fish_larvae,1.22414004162076
21,5,6.03614403087235,fish_larvae,2.79423270369956
22,5,6.03969861767119,fish_larvae,0
23,5,6.04399161286815,fish_larvae,3.0603501040519
24,5,6.04828486523655,fish_larvae,2.42518310132415
25,5,6.05257837369507,fish_larvae,0
26,5,6.05632859526467,fish_larvae,4.8050356773899
27,5,6.0612162843697,fish_larvae,2.88842032292539
28,5,6.06686991030859,fish_larvae,1.26014416049196
29,5,6.07107471763681,fish_larvae,0
30,5,6.07686456656265,fish_larvae,0.981180949390687
31,5,6.08299863361958,fish_larvae,0
32,5,6.08772946698193,fish_larvae,0
33,5,6.09446253033225,fish_larvae,0
34,5,6.10077166563065,fish_larvae,2.21611559258931
35,5,6.10909317265582,fish_larvae,2.44828008324152
36,5,6.11411343291658,fish_larvae,0
37,5,6.11685392635541,fish_larvae,0
38,5,6.12089622016546,fish_larvae,0
39,5,6.12611194080768,fish_larvae,0
40,5,6.13136277416876,fish_larvae,0
41,5,6.13521523525231,fish_larvae,0
42,5,6.14066976062099,fish_larvae,0.98872849515523
43,5,6.14574550636707,fish_larvae,0
44,5,6.15113057799464,fish_larvae,0
45,5,6.15536964718996,fish_larvae,0
46,5,6.15882384682233,fish_larvae,0
47,5,6.16228939072786,fish_larvae,0
48,5,6.16578503610586,fish_larvae,0
49,5,6.17011763698198,fish_larvae,0
50,5,6.17445042204015,fish_larvae,0
51,5,6.1796179943983,fish_larvae,0
52,5,6.18354432818366,fish_larvae,0
53,5,6.18781330800247,fish_larvae,0
54,5,6.19360317311531,fish_larvae,0
55,5,6.1982634289407,fish_larvae,0
56,5,6.20384302025007,fish_larvae,0
57,5,6.20915219022179,fish_larvae,0
58,5,6.21452208445897,fish_larvae,0
59,5,6.21837304049693,fish_larvae,0
60,5,6.22345649501153,fish_larvae,0
61,5,6.227615847875,fish_larvae,0
62,5,6.22950375446462,fish_larvae,0
63,5,6.23387813497024,fish_larvae,0
64,5,6.23822965353846,fish_larvae,0
65,5,6.24178696661328,fish_larvae,0
66,5,6.24610787439956,fish_larvae,0
67,5,6.25066406524068,fish_larvae,0
68,5,6.25560751782331,fish_larvae,0
69,5,6.26134750025983,fish_larvae,0
70,5,6.26596878621536,fish_larvae,0
71,5,6.27139793227426,fish_larvae,0
72,5,6.27978886001383,fish_larvae,0
73,5,6.28398590085469,fish_larvae,0
74,5,6.28817203051686,fish_larvae,0
75,5,6.29570732732148,fish_larvae,0
76,5,6.29912255868333,fish_larvae,0
77,5,6.30328703102925,fish_larvae,0
78,5,6.3082007999196,fish_larvae,0
79,5,6.31246436095544,fish_larvae,0
80,5,6.31804461361649,fish_larvae,0
81,5,6.32188818887416,fish_larvae,0
82,5,6.32615772501568,fish_larvae,0
83,5,6.33017774579884,fish_larvae,0
84,5,6.33575225151334,fish_larvae,0
85,5,6.34082221826529,fish_larvae,0
86,5,6.34630221244922,fish_larvae,0
87,5,6.34737374675743,fish_larvae,0
88,5,6.3525546778852,fish_larvae,0
89,5,6.35650812630698,fish_larvae,0
90,5,6.36072243544551,fish_larvae,0
91,5,6.36549250050405,fish_larvae,0
92,5,6.36955679618771,fish_larvae,0
93,5,6.3736431613134,fish_larvae,0
94,5,6.37979982966741,fish_larvae,0
95,5,6.38722382045697,fish_larvae,1.21259155066207
96,5,6.38942016178217,fish_larvae,1.02827763496144
97,5,6.39519887138705,fish_larvae,0
98,5,6.4003038911149,fish_larvae,0
99,5,6.40814949530399,fish_larvae,0
100,5,6.40996365382586,fish_larvae,0
101,5,6.41654934885855,fish_larvae,0
102,5,6.42532749920469,fish_larvae,0
103,5,6.4400865516725,fish_larvae,0
1,9,7.83985898764736,fish_larvae,8.22024272134872
2,9,7.86180653758028,fish_larvae,12.0194666300359
3,9,7.87281140694749,fish_larvae,11.9567166855981
4,9,7.87721292261928,fish_larvae,9.34797849964945
5,9,7.88172669926905,fish_larvae,5.58846540739913
6,9,7.88486505601842,fish_larvae,6.06295775331037
7,9,7.88736395688427,fish_larvae,5.46956188809276
8,9,7.89468400703617,fish_larvae,0
9,9,7.89716232231978,fish_larvae,0
10,9,7.89963028397384,fish_larvae,0
11,9,7.90279145992499,fish_larvae,0
12,9,7.90523659165235,fish_larvae,4.67398924982473
13,9,7.90923693568397,fish_larvae,7.41546371366423
14,9,7.91098650479238,fish_larvae,2.76418719075656
15,9,7.91413786537082,fish_larvae,3.47391092892378
16,9,7.91694487934858,fish_larvae,0
17,9,7.92009062868117,fish_larvae,2.62315723204449
18,9,7.92324675112522,fish_larvae,0.931410901233188
19,9,7.92642349576983,fish_larvae,0
20,9,7.92891374344037,fish_larvae,0.874385744014829
21,9,7.93246602688403,fish_larvae,0
22,9,7.93535474800957,fish_larvae,0
23,9,7.9388887110745,fish_larvae,0
24,9,7.94242287989793,fish_larvae,0
25,9,7.94552110890346,fish_larvae,0
26,9,7.94959950752841,fish_larvae,0
27,9,7.95338115758116,fish_larvae,1.11769308147983
28,9,7.95646009274161,fish_larvae,0
29,9,7.96125266812678,fish_larvae,0
30,9,7.96569974403291,fish_larvae,0
31,9,7.97011751184157,fish_larvae,0
32,9,7.97355397299565,fish_larvae,0
33,9,7.97878885130574,fish_larvae,0
34,9,7.98504680290676,fish_larvae,0
35,9,7.98941707285187,fish_larvae,1.04499759650553
36,9,7.99473730521724,fish_larvae,1.81034794887577
37,9,8.00013412624189,fish_larvae,0
38,9,8.00568132844373,fish_larvae,0
39,9,8.01186627409819,fish_larvae,2.10712630115049
40,9,8.0179691086921,fish_larvae,0
41,9,8.0240319851531,fish_larvae,0
42,9,8.03032491399182,fish_larvae,0
43,9,8.03552215956809,fish_larvae,0
44,9,8.03862649199567,fish_larvae,0
45,9,8.04175115450333,fish_larvae,0
46,9,8.04431122951669,fish_larvae,0
47,9,8.04758311501861,fish_larvae,0
48,9,8.05085509980729,fish_larvae,0
49,9,8.05413780781781,fish_larvae,0
50,9,8.0574068233005,fish_larvae,0
51,9,8.06152992443244,fish_larvae,0
52,9,8.06636933185833,fish_larvae,0
53,9,8.07042764640724,fish_larvae,0
54,9,8.07379459650837,fish_larvae,0
55,9,8.078680185084,fish_larvae,1.39711635184978
56,9,8.08390338450513,fish_larvae,0
57,9,8.08868776862086,fish_larvae,2.54524167069663
58,9,8.09377575402715,fish_larvae,0
59,9,8.10001608996747,fish_larvae,0
60,9,8.1052145159872,fish_larvae,1.77289247407145
61,9,8.11188335553906,fish_larvae,0
62,9,8.11889843634251,fish_larvae,0.862649022618657
63,9,8.1252426045864,fish_larvae,0
64,9,8.12778248433349,fish_larvae,0
65,9,8.13143829782323,fish_larvae,1.08012356613597
66,9,8.13453625314139,fish_larvae,0
67,9,8.13858945008205,fish_larvae,0
68,9,8.1426751604296,fish_larvae,0
69,9,8.14751571336597,fish_larvae,0
70,9,8.15122266285946,fish_larvae,0
71,9,8.15673804299926,fish_larvae,1.27262083534832
72,9,8.16182775989875,fish_larvae,1.01208428637937
73,9,8.16727300689858,fish_larvae,0
74,9,8.17250768881367,fish_larvae,0
75,9,8.1772264878193,fish_larvae,1.02011670135063
76,9,8.18086174166315,fish_larvae,0
77,9,8.18614256358736,fish_larvae,0
78,9,8.19088057103941,fish_larvae,0
79,9,8.19490534399425,fish_larvae,0
80,9,8.19884127126184,fish_larvae,0
81,9,8.20591378790131,fish_larvae,0
82,9,8.2084583294242,fish_larvae,0
83,9,8.21235033753822,fish_larvae,0
84,9,8.21701490478546,fish_larvae,0
85,9,8.22097577216311,fish_larvae,1.29833034717353
86,9,8.22625823607605,fish_larvae,0
87,9,8.22997141172856,fish_larvae,0
88,9,8.23481824341092,fish_larvae,0
89,9,8.23962220188564,fish_larvae,0
90,9,8.24302379701882,fish_larvae,0
91,9,8.24800320830463,fish_larvae,0
92,9,8.25314949788158,fish_larvae,0
93,9,8.25692194537216,fish_larvae,0
94,9,8.26158682108183,fish_larvae,0
95,9,8.26736935724509,fish_larvae,0
96,9,8.27186105655792,fish_larvae,0
97,9,8.27747920235872,fish_larvae,0
98,9,8.28341154012288,fish_larvae,0
99,9,8.28931282431232,fish_larvae,0
100,9,8.29634457577252,fish_larvae,0.714081690945444
101,9,8.30399472545411,fish_larvae,0
102,9,8.314602498956,fish_larvae,0
1,13,9.77963836459039,fish_larvae,1.21259155066207
2,13,9.80066360134916,fish_larvae,9.54317990683471
3,13,9.81421275614991,fish_larvae,16.6619061220604
4,13,9.81986713977871,fish_larvae,10.3961893240587
5,13,9.8245552121905,fish_larvae,11.0567487630262
6,13,9.82724863207469,fish_larvae,1.56749639475829
7,13,9.83094833248799,fish_larvae,0
8,13,9.83464803290129,fish_larvae,2.42518310132415
9,13,9.83575887351487,fish_larvae,0
10,13,9.83869622816105,fish_larvae,0
11,13,9.8405441177499,fish_larvae,0
12,13,9.84435745748953,fish_larvae,0
13,13,9.8450944993321,fish_larvae,0
14,13,9.84730564509097,fish_larvae,2.73478094404638
15,13,9.85069011327161,fish_larvae,1.76074937493397
16,13,9.85484385963609,fish_larvae,2.67780634104542
17,13,9.85830538302254,fish_larvae,1.51217299259035
18,13,9.86171202238326,fish_larvae,2.49581950233359
19,13,9.8643632430305,fish_larvae,5.04057664196784
20,13,9.86873125713769,fish_larvae,1.53017505202595
21,13,9.87309936188222,fish_larvae,2.79423270369956
22,13,9.8775137818728,fish_larvae,2.17855431135898
23,13,9.88241509526783,fish_larvae,1.90421784252118
24,13,9.88759729742303,fish_larvae,3.95491398062092
25,13,9.89261021600663,fish_larvae,0.98872849515523
26,13,9.89606510479831,fish_larvae,1.58684820210099
27,13,9.90167130544153,fish_larvae,2.08999519301106
28,13,9.90776331346466,fish_larvae,1.4442101614627
29,13,9.91308037748976,fish_larvae,0
30,13,9.91954405462965,fish_larvae,0
31,13,9.92520397822253,fish_larvae,1.00417737789203
32,13,9.9321575640626,fish_larvae,0
33,13,9.93593004551233,fish_larvae,1.22414004162076
34,13,9.93971479644357,fish_larvae,0
35,13,9.94349956885602,fish_larvae,2.67780634104542
36,13,9.94640710893229,fish_larvae,2.54524167069663
37,13,9.95065520763207,fish_larvae,1.35299688810716
38,13,9.95529967321245,fish_larvae,0
39,13,9.95994418354038,fish_larvae,4.19134905554935
40,13,9.96378367903554,fish_larvae,1.21259155066207
41,13,9.96804842706266,fish_larvae,1.36739047202319
42,13,9.97366853344993,fish_larvae,0
43,13,9.97838104535715,fish_larvae,1.39711635184978
44,13,9.98352658278225,fish_larvae,0
45,13,9.9908925074726,fish_larvae,3.74372925350039
46,13,9.99661892636518,fish_larvae,0
47,13,10.0028931544321,fish_larvae,0
48,13,10.0103126897232,fish_larvae,0
49,13,10.0170167952996,fish_larvae,0
50,13,10.0225821383171,fish_larvae,0
51,13,10.0264075952577,fish_larvae,0
52,13,10.0310475644802,fish_larvae,1.36739047202319
53,13,10.0349224828959,fish_larvae,0
54,13,10.0400455106843,fish_larvae,0
55,13,10.0447096370138,fish_larvae,0
56,13,10.051085692794,fish_larvae,0
57,13,10.0562765699935,fish_larvae,0.80839436710805
58,13,10.0634499068205,fish_larvae,0
59,13,10.0691251789119,fish_larvae,0
60,13,10.0730770317334,fish_larvae,0
61,13,10.078760809171,fish_larvae,0
62,13,10.0840123354466,fish_larvae,0
63,13,10.0896372302783,fish_larvae,1.09858721683914
64,13,10.0971685194487,fish_larvae,0.918105031215571
65,13,10.1016399103487,fish_larvae,0
66,13,10.107522761601,fish_larvae,2.25499481351193
67,13,10.1104049118237,fish_larvae,1.39711635184978
68,13,10.1140580333217,fish_larvae,0
69,13,10.1177704883605,fish_larvae,0
70,13,10.1223488290311,fish_larvae,0
71,13,10.1258098209845,fish_larvae,0
72,13,10.1303415546811,fish_larvae,0
73,13,10.1352573973958,fish_larvae,1.2853470437018
74,13,10.1401409122986,fish_larvae,0
75,13,10.1452590089888,fish_larvae,0
76,13,10.1507503711781,fish_larvae,0
77,13,10.157137760637,fish_larvae,0
78,13,10.1615206695544,fish_larvae,0
79,13,10.1660734257258,fish_larvae,0
80,13,10.1700849869038,fish_larvae,0
81,13,10.1746101199306,fish_larvae,0
82,13,10.1795048606275,fish_larvae,0
83,13,10.1839635905846,fish_larvae,0
84,13,10.188116787212,fish_larvae,0
85,13,10.1942285343354,fish_larvae,0
86,13,10.1990724558732,fish_larvae,0
87,13,10.204068122591,fish_larvae,0
88,13,10.2085653361091,fish_larvae,1.08927715567949
89,13,10.2130409038878,fish_larvae,0
90,13,10.2187844093097,fish_larvae,0
91,13,10.2222813217601,fish_larvae,0
92,13,10.228634322115,fish_larvae,0
93,13,10.2321088431311,fish_larvae,0
94,13,10.235979486158,fish_larvae,0
95,13,10.2416254718478,fish_larvae,0
96,13,10.2481956437167,fish_larvae,0
97,13,10.2537030110116,fish_larvae,0
98,13,10.2619431078229,fish_larvae,0
99,13,10.2681424664524,fish_larvae,0
100,13,10.2747149629245,fish_larvae,0
101,13,10.2832516490204,fish_larvae,0
102,13,10.299752124975,fish_larvae,0
1,17,11.8326563331179,fish_larvae,0
2,17,11.8458429867384,fish_larvae,5.02501930665313
3,17,11.8574034135733,fish_larvae,3.74372925350039
4,17,11.8634803533723,fish_larvae,18.9314680855304
5,17,11.8679463189088,fish_larvae,8.9675375141986
6,17,11.8707524656762,fish_larvae,3.67242012486228
7,17,11.8743805335323,fish_larvae,2.47182123788808
8,17,11.8784900734363,fish_larvae,0
9,17,11.8825996133404,fish_larvae,0
10,17,11.8841970549771,fish_larvae,0
11,17,11.8866074450786,fish_larvae,0
12,17,11.8886651100609,fish_larvae,0
13,17,11.8920867433365,fish_larvae,0
14,17,11.8936858699498,fish_larvae,1.71379605826907
15,17,11.8968959066137,fish_larvae,1.49458958569977
16,17,11.9005645607135,fish_larvae,1.3251000450534
17,17,11.9042175260347,fish_larvae,0
18,17,11.9086291794753,fish_larvae,0
19,17,11.9122122572994,fish_larvae,4.28449014567266
20,17,11.9174177498878,fish_larvae,2.31594061928252
21,17,11.9210605867575,fish_larvae,0
22,17,11.9263381259862,fish_larvae,1.20125891934748
23,17,11.9307517303241,fish_larvae,2.79423270369956
24,17,11.9343714122241,fish_larvae,2.42518310132415
25,17,11.9391598007839,fish_larvae,1.47741039505954
26,17,11.9451803108314,fish_larvae,1.08927715567949
27,17,11.9507709412422,fish_larvae,0
28,17,11.9563444543015,fish_larvae,0
29,17,11.9612093571416,fish_larvae,0
30,17,11.9680598185001,fish_larvae,0
31,17,11.9749533292818,fish_larvae,0.783748197379146
32,17,11.9800835083895,fish_larvae,3.40489283099814
33,17,11.9828547651667,fish_larvae,1.12749740675596
34,17,11.9856534792663,fish_larvae,0
35,17,11.9893667013443,fish_larvae,0
36,17,11.9930208351597,fish_larvae,0
37,17,11.9974436895808,fish_larvae,1.23591061894404
38,17,12.0011097348171,fish_larvae,0
39,17,12.0055082424332,fish_larvae,0
40,17,12.0107446134593,fish_larvae,0
41,17,12.0156203079131,fish_larvae,0
42,17,12.0200410829018,fish_larvae,0
43,17,12.0256438415672,fish_larvae,0
44,17,12.0308723976848,fish_larvae,0
45,17,12.0361642472101,fish_larvae,2.02416857275874
46,17,12.0425133732408,fish_larvae,0.92471010338259
47,17,12.048920407941,fish_larvae,0
48,17,12.0572126828209,fish_larvae,0
49,17,12.0621590006931,fish_larvae,0
50,17,12.066721150116,fish_larvae,0
51,17,12.0704547041733,fish_larvae,0
52,17,12.0750452915253,fish_larvae,0
53,17,12.0813284559287,fish_larvae,1.20125891934748
54,17,12.0863087384207,fish_larvae,0.959214211717761
55,17,12.0916112645832,fish_larvae,0
56,17,12.0977033091457,fish_larvae,0
57,17,12.1026147523067,fish_larvae,0
58,17,12.1061737275717,fish_larvae,0
59,17,12.111280460267,fish_larvae,1.41246927879319
60,17,12.1155911331683,fish_larvae,0
61,17,12.1202999833904,fish_larvae,0
62,17,12.1248632110912,fish_larvae,0
63,17,12.1309439684557,fish_larvae,0
64,17,12.1364489138815,fish_larvae,0
65,17,12.1407310032482,fish_larvae,0
66,17,12.1451722055225,fish_larvae,3.0603501040519
67,17,12.1486707149325,fish_larvae,0
68,17,12.1513627910136,fish_larvae,0
69,17,12.1555934317847,fish_larvae,0
70,17,12.1598129167348,fish_larvae,0
71,17,12.1640100531372,fish_larvae,0
72,17,12.168598963439,fish_larvae,0
73,17,12.1730061499434,fish_larvae,0
74,17,12.1787855346097,fish_larvae,0
75,17,12.1848207954338,fish_larvae,0
76,17,12.1903422052843,fish_larvae,0
77,17,12.19858552145,fish_larvae,0
78,17,12.2017605005264,fish_larvae,0
79,17,12.2084675279281,fish_larvae,0
80,17,12.2121831313875,fish_larvae,0
81,17,12.2158393999287,fish_larvae,0
82,17,12.2203280627674,fish_larvae,0
83,17,12.2255769534728,fish_larvae,0
84,17,12.2313448840375,fish_larvae,0
85,17,12.237222093182,fish_larvae,0
86,17,12.2424928142509,fish_larvae,0
87,17,12.2475271981869,fish_larvae,0
88,17,12.252053431631,fish_larvae,0
89,17,12.2561691554961,fish_larvae,0
90,17,12.2604868971031,fish_larvae,0
91,17,12.2654312624578,fish_larvae,0
92,17,12.2701291571063,fish_larvae,0
93,17,12.2765492558678,fish_larvae,0
94,17,12.2821881586079,fish_larvae,0
95,17,12.2877691045443,fish_larvae,0
96,17,12.2912252212091,fish_larvae,0
97,17,12.2999822519432,fish_larvae,0
98,17,12.3051900161888,fish_larvae,0
99,17,12.3136517976944,fish_larvae,0
100,17,12.3220358943374,fish_larvae,0
101,17,12.330780290725,fish_larvae,0
102,17,12.3518085141698,fish_larvae,0
1,21,13.8783840263287,fish_larvae,0
2,21,13.8725897085164,fish_larvae,1.47741039505954
3,21,13.9083386832918,fish_larvae,0
4,21,13.9110736996818,fish_larvae,6.59152330103487
5,21,13.9153281959579,fish_larvae,4.88106472291823
6,21,13.9188286124628,fish_larvae,0
7,21,13.921532357556,fish_larvae,2.83532436110691
8,21,13.922291101109,fish_larvae,0
9,21,13.9285040259412,fish_larvae,0
10,21,13.9308022700026,fish_larvae,0
11,21,13.9337713021634,fish_larvae,2.14224507283633
12,21,13.9356297018126,fish_larvae,1.56749639475829
13,21,13.9384447999445,fish_larvae,2.73478094404638
14,21,13.9406880881748,fish_larvae,1.60668380462725
15,21,13.943316261366,fish_larvae,1.6692818749374
16,21,13.9467032078599,fish_larvae,5.52837438151312
17,21,13.9501341545504,fish_larvae,3.67242012486228
18,21,13.953952443734,fish_larvae,1.36739047202319
19,21,13.9575608111762,fish_larvae,1.71379605826907
20,21,13.9620127042975,fish_larvae,0
21,21,13.9664528936025,fish_larvae,1.27262083534832
22,21,13.9704713336287,fish_larvae,0
23,21,13.9747635335858,fish_larvae,0
24,21,13.9799096453746,fish_larvae,0
25,21,13.9842929709876,fish_larvae,1.17921747128605
26,21,13.9893926316916,fish_larvae,0.834640937468701
27,21,13.9952537500239,fish_larvae,0
28,21,14.0008190053508,fish_larvae,0.931410901233188
29,21,14.0059611532798,fish_larvae,0
30,21,14.0123362500263,fish_larvae,0
31,21,14.0187461784956,fish_larvae,0
32,21,14.0257688658571,fish_larvae,0.931410901233188
33,21,14.0297871941868,fish_larvae,0
34,21,14.0341910236372,fish_larvae,0
35,21,14.036983649603,fish_larvae,0
36,21,14.0412816403419,fish_larvae,0
37,21,14.0447950910702,fish_larvae,0
38,21,14.0490817447545,fish_larvae,0
39,21,14.0533886376999,fish_larvae,0
40,21,14.0580210341744,fish_larvae,0
41,21,14.0630376069759,fish_larvae,0
42,21,14.0680768043242,fish_larvae,0
43,21,14.0736424295361,fish_larvae,0
44,21,14.0796392158385,fish_larvae,0.803341902313625
45,21,14.0856476620449,fish_larvae,0
46,21,14.0923608032369,fish_larvae,0
47,21,14.096571910771,fish_larvae,1.35299688810716
48,21,14.1000011352592,fish_larvae,1.11769308147983
49,21,14.1039320066811,fish_larvae,0
50,21,14.1089685494226,fish_larvae,0
51,21,14.113643745693,fish_larvae,0
52,21,14.1182737892432,fish_larvae,1.15797030964126
53,21,14.1228630810354,fish_larvae,0
54,21,14.1282359471399,fish_larvae,0
55,21,14.1340230150764,fish_larvae,0
56,21,14.1388290349219,fish_larvae,0
57,21,14.1430624815206,fish_larvae,0
58,21,14.1474765764035,fish_larvae,0
59,21,14.1505811316847,fish_larvae,0
60,21,14.1537767719144,fish_larvae,0
61,21,14.1572827895228,fish_larvae,0
62,21,14.1608003125181,fish_larvae,0
63,21,14.1651455022055,fish_larvae,0
64,21,14.1695005611384,fish_larvae,0.94510812036897
65,21,14.1748077472539,fish_larvae,0
66,21,14.1794601748128,fish_larvae,1.02827763496144
67,21,14.1838038132239,fish_larvae,1.23591061894404
68,21,14.1892866573751,fish_larvae,0
69,21,14.195038079987,fish_larvae,1.21259155066207
70,21,14.200754138957,fish_larvae,0
71,21,14.2074300436412,fish_larvae,0
72,21,14.2122277135418,fish_larvae,0
73,21,14.2170515149989,fish_larvae,0
74,21,14.2208854261453,fish_larvae,0
75,21,14.2251071756942,fish_larvae,0
76,21,14.2301156763426,fish_larvae,0
77,21,14.2346627234813,fish_larvae,0
78,21,14.239956266311,fish_larvae,0
79,21,14.2483110276391,fish_larvae,0
80,21,14.25057646041,fish_larvae,0
81,21,14.2555362536014,fish_larvae,0
82,21,14.260276145274,fish_larvae,0
83,21,14.2644476215497,fish_larvae,0
84,21,14.2682764382391,fish_larvae,0
85,21,14.2728488414937,fish_larvae,0
86,21,14.2774878540623,fish_larvae,1.02011670135063
87,21,14.2820603074181,fish_larvae,0
88,21,14.2891076978645,fish_larvae,0
89,21,14.29331394343,fish_larvae,0
90,21,14.2987509716055,fish_larvae,0
91,21,14.3025178123976,fish_larvae,0
92,21,14.3079144383144,fish_larvae,0
93,21,14.3112495565024,fish_larvae,0
94,21,14.3153761187014,fish_larvae,0
95,21,14.3208291598695,fish_larvae,0
96,21,14.3264890235677,fish_larvae,0
97,21,14.3352618533907,fish_larvae,0
98,21,14.3406823117875,fish_larvae,0
99,21,14.3469082433884,fish_larvae,0
100,21,14.3542117721416,fish_larvae,0
101,21,14.3631740999693,fish_larvae,0
102,21,14.3778077244536,fish_larvae,0
1,25,15.8947522186379,fish_larvae,0.868477732230946
2,25,15.9160413152788,fish_larvae,0.909443662996556
3,25,15.9286618654958,fish_larvae,0
4,25,15.9332607663848,fish_larvae,0
5,25,15.9379208459398,fish_larvae,0
6,25,15.9416880666184,fish_larvae,0
7,25,15.9437254208389,fish_larvae,0
8,25,15.9457274477852,fish_larvae,0
9,25,15.9545834994124,fish_larvae,0
10,25,15.9556021839897,fish_larvae,0
11,25,15.9566208685669,fish_larvae,0
12,25,15.9586582400329,fish_larvae,0
13,25,15.9611052339565,fish_larvae,0
14,25,15.9641432941631,fish_larvae,0
15,25,15.9661883722128,fish_larvae,0
16,25,15.9690727641479,fish_larvae,0
17,25,15.9735885016279,fish_larvae,1.42816338189089
18,25,15.9764118924395,fish_larvae,1.20125891934748
19,25,15.9807972520747,fish_larvae,1.39711635184978
20,25,15.9851479100276,fish_larvae,0
21,25,15.989521720687,fish_larvae,0
22,25,15.9931261650001,fish_larvae,0
23,25,15.997642049212,fish_larvae,0
24,25,16.002513521838,fish_larvae,0
25,25,16.0121972263567,fish_larvae,0
26,25,16.0148166913899,fish_larvae,0
27,25,16.0180643569231,fish_larvae,0
28,25,16.024761195945,fish_larvae,0
29,25,16.0285527467709,fish_larvae,0
30,25,16.0344774556962,fish_larvae,0
31,25,16.0424997442909,fish_larvae,0
32,25,16.0485298901173,fish_larvae,0
33,25,16.0535037799622,fish_larvae,0
34,25,16.058117266383,fish_larvae,0
35,25,16.0618500933237,fish_larvae,0
36,25,16.0655414321948,fish_larvae,0
37,25,16.069732902938,fish_larvae,0
38,25,16.0756510008466,fish_larvae,0
39,25,16.0785564769978,fish_larvae,0.98872849515523
40,25,16.0831080687072,fish_larvae,0.874385744014829
41,25,16.0884083669912,fish_larvae,0
42,25,16.0937443296164,fish_larvae,0
43,25,16.0979677976198,fish_larvae,0
44,25,16.1043092741093,fish_larvae,0
45,25,16.1102345465666,fish_larvae,1.04499759650553
46,25,16.1156564400601,fish_larvae,0.722105080731348
47,25,16.1218632880019,fish_larvae,0
48,25,16.1270999569567,fish_larvae,0
49,25,16.129940354498,fish_larvae,0
50,25,16.134524522586,fish_larvae,0
51,25,16.139902815529,fish_larvae,0
52,25,16.1444509163278,fish_larvae,0
53,25,16.1493602608164,fish_larvae,0
54,25,16.1546229564336,fish_larvae,0
55,25,16.160310469533,fish_larvae,0
56,25,16.1670246018805,fish_larvae,0
57,25,16.1715557773366,fish_larvae,0
58,25,16.176086969911,fish_larvae,1.29833034717353
59,25,16.1805709794453,fish_larvae,0
60,25,16.1846111966196,fish_larvae,0
61,25,16.1899019828007,fish_larvae,0
62,25,16.1955916460753,fish_larvae,0
63,25,16.2010524878693,fish_larvae,0
64,25,16.2075271701316,fish_larvae,0
65,25,16.2118858745172,fish_larvae,0
66,25,16.2204385991736,fish_larvae,0
67,25,16.2217690272862,fish_larvae,0
68,25,16.2256842926387,fish_larvae,0
69,25,16.2300177042986,fish_larvae,0
70,25,16.234363797993,fish_larvae,0
71,25,16.2385253271906,fish_larvae,0
72,25,16.2429252154737,fish_larvae,0
73,25,16.2477202471443,fish_larvae,0
74,25,16.2514820835952,fish_larvae,0
75,25,16.2573436064163,fish_larvae,0
76,25,16.2635906136814,fish_larvae,0
77,25,16.2686948213071,fish_larvae,0
78,25,16.2762885626254,fish_larvae,0
79,25,16.2827245524549,fish_larvae,0
80,25,16.2854749801982,fish_larvae,0
81,25,16.2919942494852,fish_larvae,0
82,25,16.2947833225033,fish_larvae,0
83,25,16.2990989478125,fish_larvae,0
84,25,16.3024455574784,fish_larvae,0
85,25,16.307219468674,fish_larvae,0
86,25,16.3111881540721,fish_larvae,0
87,25,16.3159505910267,fish_larvae,0
88,25,16.3220758300416,fish_larvae,0
89,25,16.3288713833683,fish_larvae,0
90,25,16.332877708512,fish_larvae,0
91,25,16.3387233763558,fish_larvae,0
92,25,16.344075047056,fish_larvae,0
93,25,16.3491209099383,fish_larvae,0
94,25,16.3544966087385,fish_larvae,0
95,25,16.3602745839358,fish_larvae,0
96,25,16.3661572005268,fish_larvae,0
97,25,16.3723071414649,fish_larvae,0
98,25,16.3777374155299,fish_larvae,0
99,25,16.3855588998115,fish_larvae,0
100,25,16.3950808112154,fish_larvae,0
101,25,16.4027234158708,fish_larvae,0
102,25,16.4226951806765,fish_larvae,0
1,29,18.0392987668651,fish_larvae,0
2,29,18.0663499566465,fish_larvae,0
3,29,18.0813833185429,fish_larvae,0
4,29,18.0842271679162,fish_larvae,0
5,29,18.0879504291672,fish_larvae,0
6,29,18.091804711835,fish_larvae,0
7,29,18.0947886797247,fish_larvae,0
8,29,18.0964671641244,fish_larvae,0
9,29,18.1033303209122,fish_larvae,0
10,29,18.1053796481455,fish_larvae,0
11,29,18.1107143454395,fish_larvae,0
12,29,18.1119167013036,fish_larvae,0
13,29,18.11552378104,fish_larvae,0
14,29,18.1191192067547,fish_larvae,0
15,29,18.1219783866442,fish_larvae,0
16,29,18.1262597536774,fish_larvae,0
17,29,18.1305287992881,fish_larvae,0
18,29,18.1352173653596,fish_larvae,0
19,29,18.1385980806387,fish_larvae,0
20,29,18.1436047432402,fish_larvae,2.40251783869495
21,29,18.1482012356108,fish_larvae,1.35299688810716
22,29,18.1531958651306,fish_larvae,0
23,29,18.1582020650176,fish_larvae,0
24,29,18.1637050381097,fish_larvae,0
25,29,18.1687199554613,fish_larvae,0
26,29,18.1742112087158,fish_larvae,0
27,29,18.1800744905546,fish_larvae,0
28,29,18.1863775658657,fish_larvae,0
29,29,18.1931084414048,fish_larvae,0
30,29,18.2000338072456,fish_larvae,0.589608735643027
31,29,18.2075899232693,fish_larvae,0
32,29,18.2146294502603,fish_larvae,0
33,29,18.2229664252457,fish_larvae,0
34,29,18.231051532111,fish_larvae,0
35,29,18.2371991357872,fish_larvae,0
36,29,18.2413215642083,fish_larvae,0
37,29,18.2446607306514,fish_larvae,0
38,29,18.2467993326945,fish_larvae,0
39,29,18.2497491413012,fish_larvae,0
40,29,18.2535962061522,fish_larvae,0
41,29,18.2569516539364,fish_larvae,0
42,29,18.2609585508788,fish_larvae,0
43,29,18.262616303437,fish_larvae,0
44,29,18.2667366744708,fish_larvae,0
45,29,18.2704726563641,fish_larvae,0
46,29,18.2746891720525,fish_larvae,0
47,29,18.2783290885309,fish_larvae,0
48,29,18.2820587286544,fish_larvae,0
49,29,18.2861892908146,fish_larvae,0
50,29,18.2917169807787,fish_larvae,0
51,29,18.2963336301676,fish_larvae,0
52,29,18.3019501548015,fish_larvae,0
53,29,18.3071664128191,fish_larvae,0
54,29,18.3136961450993,fish_larvae,0
55,29,18.3197380527276,fish_larvae,0
56,29,18.3257185705749,fish_larvae,0
57,29,18.3320432965317,fish_larvae,0
58,29,18.3401059044885,fish_larvae,0
59,29,18.3481931177078,fish_larvae,0
60,29,18.35673633021,fish_larvae,0
61,29,18.3657933534441,fish_larvae,0
62,29,18.370456822789,fish_larvae,0
63,29,18.3766154966961,fish_larvae,0
64,29,18.3804321426563,fish_larvae,0
65,29,18.384719676484,fish_larvae,0
66,29,18.3889827695486,fish_larvae,0
67,29,18.3945062687713,fish_larvae,0
68,29,18.4004869871828,fish_larvae,0
69,29,18.405083876165,fish_larvae,0
70,29,18.4117905529845,fish_larvae,0
71,29,18.4195907367572,fish_larvae,0
72,29,18.4237015201607,fish_larvae,0
73,29,18.4301698259303,fish_larvae,0
74,29,18.4342095808139,fish_larvae,0
75,29,18.4370953306423,fish_larvae,0
76,29,18.4416586460892,fish_larvae,0
77,29,18.4466554218328,fish_larvae,0
78,29,18.4520374979531,fish_larvae,0
79,29,18.4574297921516,fish_larvae,0
80,29,18.4640719760664,fish_larvae,0
81,29,18.4695341471877,fish_larvae,0
82,29,18.4728169136858,fish_larvae,0
83,29,18.4799125053343,fish_larvae,0
84,29,18.4843814297402,fish_larvae,0
85,29,18.4903241592625,fish_larvae,0
86,29,18.4931885594289,fish_larvae,0
87,29,18.4976693901839,fish_larvae,0
88,29,18.5023403964335,fish_larvae,0
89,29,18.5060367959324,fish_larvae,0
90,29,18.5109859488961,fish_larvae,0
91,29,18.5154007023303,fish_larvae,0
92,29,18.5194320826132,fish_larvae,0
93,29,18.524183110209,fish_larvae,0
94,29,18.530161752743,fish_larvae,0
95,29,18.5349216854303,fish_larvae,0
96,29,18.5461439083949,fish_larvae,0
97,29,18.547739621677,fish_larvae,0
98,29,18.5564985836025,fish_larvae,0
99,29,18.5634019811704,fish_larvae,0
100,29,18.5739994119665,fish_larvae,0
101,29,18.5810293184492,fish_larvae,0
102,29,18.5996807828812,fish_larvae,0
1,33,20.3134077508741,fish_larvae,0
2,33,20.3290910429938,fish_larvae,0.305308086389976
3,33,20.3425439512428,fish_larvae,0
4,33,20.3464553489798,fish_larvae,0
5,33,20.3503541802961,fish_larvae,0
6,33,20.3533852138603,fish_larvae,0
7,33,20.3563725680685,fish_larvae,0
8,33,20.3593953033078,fish_larvae,0
9,33,20.3662526779343,fish_larvae,0
10,33,20.367102044337,fish_larvae,0
11,33,20.3709866492961,fish_larvae,0
12,33,20.3739820461191,fish_larvae,0
13,33,20.3778331516544,fish_larvae,0
14,33,20.3825290275214,fish_larvae,0
15,33,20.3863801523583,fish_larvae,1.00417737789203
16,33,20.3910636283704,fish_larvae,0
17,33,20.3945047123255,fish_larvae,0
18,33,20.3997464106559,fish_larvae,0
19,33,20.4045207992975,fish_larvae,0
20,33,20.4093331016623,fish_larvae,0
21,33,20.4135353828105,fish_larvae,0
22,33,20.4186538863468,fish_larvae,0
23,33,20.4237113391789,fish_larvae,0
24,33,20.4283725366662,fish_larvae,0
25,33,20.4339425948595,fish_larvae,1.14763128901946
26,33,20.4395502340099,fish_larvae,0.938209520950219
27,33,20.4451203524486,fish_larvae,0
28,33,20.4519715133886,fish_larvae,0
29,33,20.4605855116979,fish_larvae,0
30,33,20.466765024719,fish_larvae,0
31,33,20.4756159837701,fish_larvae,0
32,33,20.4836142399976,fish_larvae,0
33,33,20.4930788289543,fish_larvae,0
34,33,20.4983270337654,fish_larvae,0
35,33,20.5024312760768,fish_larvae,0
36,33,20.5063835120538,fish_larvae,0
37,33,20.509449029779,fish_larvae,0
38,33,20.5129072398132,fish_larvae,0
39,33,20.5154787307881,fish_larvae,0
40,33,20.5189660180201,fish_larvae,0
41,33,20.5228285576801,fish_larvae,0
42,33,20.5258562912971,fish_larvae,0
43,33,20.5296440753605,fish_larvae,0
44,33,20.5343414280852,fish_larvae,0
45,33,20.537797103431,fish_larvae,0
46,33,20.5421793570607,fish_larvae,0
47,33,20.5469553854056,fish_larvae,0
48,33,20.5517822303121,fish_larvae,0
49,33,20.5556612960958,fish_larvae,0
50,33,20.5612571653389,fish_larvae,0
51,33,20.5672136823896,fish_larvae,0
52,33,20.5718656230089,fish_larvae,0
53,33,20.5774642716009,fish_larvae,0
54,33,20.5834494774928,fish_larvae,0
55,33,20.5898339056889,fish_larvae,0
56,33,20.5966201853174,fish_larvae,0
57,33,20.6048161311596,fish_larvae,0
58,33,20.6120856166972,fish_larvae,0
59,33,20.6209684595147,fish_larvae,0
60,33,20.6309321997161,fish_larvae,0
61,33,20.6364773235741,fish_larvae,0
62,33,20.6421957488451,fish_larvae,0
63,33,20.6456394130251,fish_larvae,0
64,33,20.6503912347337,fish_larvae,0
65,33,20.6551179261959,fish_larvae,0
66,33,20.659907484376,fish_larvae,0
67,33,20.6644877126606,fish_larvae,0
68,33,20.6703540197541,fish_larvae,0
69,33,20.6765832109384,fish_larvae,0
70,33,20.6817906318645,fish_larvae,0
71,33,20.686878378877,fish_larvae,0
72,33,20.6920759428653,fish_larvae,0
73,33,20.6962851999047,fish_larvae,0
74,33,20.7001375019647,fish_larvae,0
75,33,20.7040023572233,fish_larvae,0
76,33,20.7095988779934,fish_larvae,0
77,33,20.71351393931,fish_larvae,0
78,33,20.719460145988,fish_larvae,0
79,33,20.7256037498984,fish_larvae,0
80,33,20.7311552102611,fish_larvae,0
81,33,20.7377395418302,fish_larvae,0
82,33,20.7425672989481,fish_larvae,0
83,33,20.7475463075904,fish_larvae,0
84,33,20.7537235644064,fish_larvae,0
85,33,20.7577486868564,fish_larvae,0
86,33,20.7621693573426,fish_larvae,0
87,33,20.768256212138,fish_larvae,0
88,33,20.772844692217,fish_larvae,0
89,33,20.7778075025182,fish_larvae,0
90,33,20.782782395265,fish_larvae,0
91,33,20.7885833953694,fish_larvae,0
92,33,20.7936926571393,fish_larvae,0
93,33,20.799141740301,fish_larvae,0
94,33,20.8039063265921,fish_larvae,0
95,33,20.8109752136369,fish_larvae,0
96,33,20.8161470002558,fish_larvae,0
97,33,20.8226545983384,fish_larvae,0
98,33,20.8302409009555,fish_larvae,0
99,33,20.8390245567507,fish_larvae,0
100,33,20.8455916403619,fish_larvae,0
101,33,20.8573765886664,fish_larvae,0
102,33,20.8723902829792,fish_larvae,0
1,37,22.4855332527837,fish_larvae,0
2,37,22.5062938017787,fish_larvae,0.255536191590815
3,37,22.5181866594715,fish_larvae,0
4,37,22.5242789087394,fish_larvae,0
5,37,22.5277044152331,fish_larvae,0
6,37,22.5307951365381,fish_larvae,0
7,37,22.5335454651402,fish_larvae,0
8,37,22.5343264238901,fish_larvae,0
9,37,22.5401666533245,fish_larvae,0
10,37,22.5432565542776,fish_larvae,0
11,37,22.5463684837211,fish_larvae,0
12,37,22.5499266970808,fish_larvae,0
13,37,22.5534849171834,fish_larvae,0
14,37,22.5570546227246,fish_larvae,1.33890317052271
15,37,22.5606243350476,fish_larvae,0
16,37,22.5634264837559,fish_larvae,0
17,37,22.5679929428999,fish_larvae,0
18,37,22.5716484798044,fish_larvae,0
19,37,22.576143966752,fish_larvae,0
20,37,22.5797931445848,fish_larvae,0
21,37,22.5837951627746,fish_larvae,0
22,37,22.5881673153042,fish_larvae,0
23,37,22.5925857389731,fish_larvae,0
24,37,22.5970672870999,fish_larvae,0
25,37,22.602015026675,fish_larvae,0
26,37,22.6073213030785,fish_larvae,0
27,37,22.6126873406805,fish_larvae,0
28,37,22.6174891238005,fish_larvae,0
29,37,22.6239263064464,fish_larvae,0
30,37,22.6295168057139,fish_larvae,0
31,37,22.6355499147075,fish_larvae,0
32,37,22.6423357336306,fish_larvae,0
33,37,22.6479682074717,fish_larvae,0
34,37,22.6552875781709,fish_larvae,0
35,37,22.6625485882751,fish_larvae,0
36,37,22.669796963388,fish_larvae,0
37,37,22.6787905463597,fish_larvae,0
38,37,22.6841047121485,fish_larvae,0
39,37,22.6887523186887,fish_larvae,0
40,37,22.6928809062569,fish_larvae,0
41,37,22.6961130024303,fish_larvae,0
42,37,22.6989001321281,fish_larvae,0
43,37,22.702504976795,fish_larvae,0
44,37,22.7060752745645,fish_larvae,0
45,37,22.7104402567095,fish_larvae,0
46,37,22.7143761601079,fish_larvae,0
47,37,22.7183190648177,fish_larvae,0
48,37,22.7226132089803,fish_larvae,0
49,37,22.7269640083292,fish_larvae,0
50,37,22.7305411943085,fish_larvae,0
51,37,22.7354349389978,fish_larvae,0
52,37,22.7406924919241,fish_larvae,0
53,37,22.7456097172037,fish_larvae,0
54,37,22.7500339827776,fish_larvae,0
55,37,22.7561420795587,fish_larvae,0
56,37,22.761817235243,fish_larvae,0
57,37,22.7673317731981,fish_larvae,0
58,37,22.7740006704371,fish_larvae,0
59,37,22.7794943868802,fish_larvae,0
60,37,22.7863947446727,fish_larvae,0
61,37,22.7922978868349,fish_larvae,0
62,37,22.7968203089895,fish_larvae,0
63,37,22.8011757354391,fish_larvae,0
64,37,22.8047361264543,fish_larvae,0
65,37,22.8098981208335,fish_larvae,0
66,37,22.8134771195136,fish_larvae,0
67,37,22.8183453672942,fish_larvae,0
68,37,22.8243031847502,fish_larvae,0
69,37,22.8287425764357,fish_larvae,0
70,37,22.8341670298418,fish_larvae,0
71,37,22.840633351002,fish_larvae,0
72,37,22.8445629771762,fish_larvae,0
73,37,22.8492472974197,fish_larvae,0
74,37,22.8539600467355,fish_larvae,0
75,37,22.8593279864187,fish_larvae,0
76,37,22.8632047512173,fish_larvae,0
77,37,22.8681338683174,fish_larvae,0
78,37,22.8730739698296,fish_larvae,0
79,37,22.879078946367,fish_larvae,0
80,37,22.8832286431511,fish_larvae,0
81,37,22.8892226574531,fish_larvae,0
82,37,22.8922416243962,fish_larvae,0
83,37,22.8949383117826,fish_larvae,0
84,37,22.8992980343825,fish_larvae,0
85,37,22.9040478403232,fish_larvae,0
86,37,22.90921067595,fish_larvae,0
87,37,22.9134499797211,fish_larvae,0
88,37,22.9210853378538,fish_larvae,0
89,37,22.9237722688483,fish_larvae,0
90,37,22.9300353686813,fish_larvae,0
91,37,22.9334108669211,fish_larvae,0
92,37,22.936852124373,fish_larvae,0
93,37,22.9419263395932,fish_larvae,0
94,37,22.9462835093921,fish_larvae,0
95,37,22.9516828607081,fish_larvae,0
96,37,22.9575700485697,fish_larvae,0
97,37,22.9630007787936,fish_larvae,0
98,37,22.9684097499206,fish_larvae,0
99,37,22.9768670580455,fish_larvae,0
100,37,22.9824705044475,fish_larvae,0
101,37,22.989273356846,fish_larvae,0
102,37,23.0024337693713,fish_larvae,0
1,41,24.5873648907759,fish_larvae,0
2,41,24.6183034094846,fish_larvae,1.60668380462725
3,41,24.6252142629151,fish_larvae,0
4,41,24.6352707561977,fish_larvae,0
5,41,24.6398158679834,fish_larvae,0
6,41,24.6426698335614,fish_larvae,0.722105080731348
7,41,24.6463618681923,fish_larvae,0
8,41,24.6484025160921,fish_larvae,0
9,41,24.6566712863574,fish_larvae,0
10,41,24.657883142809,fish_larvae,0
11,41,24.6590949992607,fish_larvae,1.78520422736361
12,41,24.6620025489051,fish_larvae,0
13,41,24.6636417870948,fish_larvae,0
14,41,24.666525415309,fish_larvae,0
15,41,24.6690022290023,fish_larvae,0
16,41,24.6730824001215,fish_larvae,0
17,41,24.6739080080337,fish_larvae,0
18,41,24.6763775859083,fish_larvae,0
19,41,24.6808069219167,fish_larvae,0
20,41,24.6848155355403,fish_larvae,0
21,41,24.6892682586391,fish_larvae,1.15797030964126
22,41,24.6929248848051,fish_larvae,0
23,41,24.6974810125158,fish_larvae,0
24,41,24.7028404646021,fish_larvae,0
25,41,24.7078282389766,fish_larvae,0
26,41,24.7123465853618,fish_larvae,0
27,41,24.7175942888258,fish_larvae,1.14763128901946
28,41,24.7232744355186,fish_larvae,0
29,41,24.7285326265115,fish_larvae,1.29833034717353
30,41,24.7347006277401,fish_larvae,0
31,41,24.7407973321382,fish_larvae,0
32,41,24.7449000610897,fish_larvae,0
33,41,24.7486039027904,fish_larvae,0
34,41,24.7523196597798,fish_larvae,0
35,41,24.7568452699186,fish_larvae,0
36,41,24.7605491309894,fish_larvae,0
37,41,24.7649295617847,fish_larvae,0
38,41,24.7693329969772,fish_larvae,0
39,41,24.7741388465092,fish_larvae,0
40,41,24.7785589363592,fish_larvae,0
41,41,24.7835842773947,fish_larvae,0
42,41,24.7897370269504,fish_larvae,0
43,41,24.7942706356774,fish_larvae,0
44,41,24.7998098628831,fish_larvae,0
45,41,24.8060259949981,fish_larvae,0
46,41,24.8116651660674,fish_larvae,0
47,41,24.8168929607809,fish_larvae,0
48,41,24.8212417562052,fish_larvae,0
49,41,24.8256483909628,fish_larvae,0
50,41,24.8296244961584,fish_larvae,0
51,41,24.8344050926728,fish_larvae,0
52,41,24.83876999306,fish_larvae,0
53,41,24.8447515358347,fish_larvae,0
54,41,24.8486759983616,fish_larvae,0
55,41,24.8545570161181,fish_larvae,0
56,41,24.8609840627601,fish_larvae,0
57,41,24.8646684707275,fish_larvae,0
58,41,24.8691062449497,fish_larvae,0
59,41,24.8731320291152,fish_larvae,0.959214211717761
60,41,24.8775933565081,fish_larvae,0
61,41,24.8820729344367,fish_larvae,0
62,41,24.8873161080516,fish_larvae,0
63,41,24.8930412900207,fish_larvae,0
64,41,24.8988711045301,fish_larvae,0
65,41,24.9041070085404,fish_larvae,0
66,41,24.9081391319607,fish_larvae,0
67,41,24.9125380941286,fish_larvae,0
68,41,24.9177702392599,fish_larvae,0
69,41,24.9251844180917,fish_larvae,0
70,41,24.9280351287005,fish_larvae,0
71,41,24.9345289900604,fish_larvae,0
72,41,24.9365218167331,fish_larvae,0
73,41,24.9408625162952,fish_larvae,0
74,41,24.9443671468599,fish_larvae,0
75,41,24.9483452145455,fish_larvae,0
76,41,24.9535379501696,fish_larvae,0
77,41,24.957876777894,fish_larvae,0
78,41,24.9618426553891,fish_larvae,0
79,41,24.9676501486055,fish_larvae,0
80,41,24.9729912781422,fish_larvae,0
81,41,24.9783262116482,fish_larvae,0
82,41,24.9835008307147,fish_larvae,0
83,41,24.9893236939537,fish_larvae,0
84,41,24.9936824727042,fish_larvae,0
85,41,24.9982706678888,fish_larvae,0
86,41,25.0024719131847,fish_larvae,0
87,41,25.0073586327556,fish_larvae,0
88,41,25.0124335386981,fish_larvae,0
89,41,25.0168934165483,fish_larvae,0
90,41,25.0213856993267,fish_larvae,0
91,41,25.0247549176009,fish_larvae,0
92,41,25.0310506176003,fish_larvae,0
93,41,25.0381346511898,fish_larvae,0
94,41,25.0403592151071,fish_larvae,0
95,41,25.0457262548159,fish_larvae,0
96,41,25.0505533618911,fish_larvae,0
97,41,25.0559420238953,fish_larvae,0
98,41,25.0617818515519,fish_larvae,0
99,41,25.0685850324857,fish_larvae,0
100,41,25.0733633362794,fish_larvae,0
101,41,25.0824470869929,fish_larvae,0
102,41,25.0925200454649,fish_larvae,0
103,41,25.1051478168041,fish_larvae,0
1,45,26.6757032131255,fish_larvae,0
2,45,26.7078190969072,fish_larvae,0
3,45,26.7206740805143,fish_larvae,0
4,45,26.7244781032509,fish_larvae,0
5,45,26.7301986055407,fish_larvae,0
6,45,26.7337382421838,fish_larvae,0
7,45,26.7360903897714,fish_larvae,0
8,45,26.7413160289179,fish_larvae,0
9,45,26.742130343377,fish_larvae,0
10,45,26.7449688117092,fish_larvae,0
11,45,26.7477956481222,fish_larvae,0
12,45,26.7514600681637,fish_larvae,0
13,45,26.7550663249003,fish_larvae,1.64788082525872
14,45,26.7575092745578,fish_larvae,0
15,45,26.7607382171092,fish_larvae,0
16,45,26.763978819719,fish_larvae,0
17,45,26.7680237491808,fish_larvae,0
18,45,26.7716723496526,fish_larvae,0
19,45,26.7744988085858,fish_larvae,0
20,45,26.7780922946474,fish_larvae,0
21,45,26.7824435210161,fish_larvae,0
22,45,26.7868980842429,fish_larvae,0
23,45,26.7904686299682,fish_larvae,0
24,45,26.7940383783181,fish_larvae,0
25,45,26.7983470973683,fish_larvae,0
26,45,26.802303398134,fish_larvae,0
27,45,26.8066348760851,fish_larvae,0
28,45,26.811829811405,fish_larvae,0
29,45,26.8157916757336,fish_larvae,0
30,45,26.8217516187647,fish_larvae,0
31,45,26.8256459916596,fish_larvae,0
32,45,26.8307117016457,fish_larvae,1.00417737789203
33,45,26.8361593195091,fish_larvae,0
34,45,26.8412577942009,fish_larvae,0
35,45,26.8468815247425,fish_larvae,0
36,45,26.8532558689882,fish_larvae,0
37,45,26.8592239323605,fish_larvae,0
38,45,26.865707815705,fish_larvae,0
39,45,26.8729745902241,fish_larvae,0
40,45,26.8805519683554,fish_larvae,0
41,45,26.8885439272334,fish_larvae,0
42,45,26.8970515288082,fish_larvae,0
43,45,26.9050286569273,fish_larvae,0
44,45,26.9140928154811,fish_larvae,0
45,45,26.9164751380524,fish_larvae,0
46,45,26.9204116455866,fish_larvae,0
47,45,26.9231645545942,fish_larvae,0
48,45,26.9267291175009,fish_larvae,0
49,45,26.9311364243256,fish_larvae,0
50,45,26.9347351580522,fish_larvae,0
51,45,26.9382573608395,fish_larvae,0
52,45,26.9425729192636,fish_larvae,0
53,45,26.9472152469305,fish_larvae,0
54,45,26.9514519378223,fish_larvae,0
55,45,26.9557588231229,fish_larvae,0
56,45,26.961394315934,fish_larvae,0
57,45,26.966948978249,fish_larvae,0
58,45,26.9716684072413,fish_larvae,0
59,45,26.977326369153,fish_larvae,0
60,45,26.9837175788682,fish_larvae,0
61,45,26.9897346985666,fish_larvae,0
62,45,26.9950661596658,fish_larvae,0
63,45,26.9990592741071,fish_larvae,0
64,45,27.0024481159704,fish_larvae,0
65,45,27.0067663160246,fish_larvae,0
66,45,27.010250193414,fish_larvae,0
67,45,27.0145120273475,fish_larvae,0
68,45,27.0187710393279,fish_larvae,0
69,45,27.023286518116,fish_larvae,0
70,45,27.0281728366873,fish_larvae,0
71,45,27.0334627166836,fish_larvae,0
72,45,27.0391305353951,fish_larvae,0
73,45,27.0453449379624,fish_larvae,0
74,45,27.0502634045531,fish_larvae,0
75,45,27.0550981239507,fish_larvae,0
76,45,27.0600842703339,fish_larvae,0
77,45,27.0646053345805,fish_larvae,0
78,45,27.0689629970933,fish_larvae,0
79,45,27.0720521023749,fish_larvae,0
80,45,27.0762412873811,fish_larvae,0
81,45,27.0804638111224,fish_larvae,0
82,45,27.0835671671024,fish_larvae,0
83,45,27.0885631175897,fish_larvae,0
84,45,27.0935368196757,fish_larvae,0
85,45,27.098126346505,fish_larvae,0
86,45,27.1022735228554,fish_larvae,0
87,45,27.1089719802447,fish_larvae,0
88,45,27.1155408778825,fish_larvae,0
89,45,27.1191531739619,fish_larvae,0
90,45,27.1227550920113,fish_larvae,0
91,45,27.1268656408506,fish_larvae,0
92,45,27.1308505950595,fish_larvae,0
93,45,27.1353866130409,fish_larvae,0
94,45,27.1402812959781,fish_larvae,0
95,45,27.1438883626938,fish_larvae,0
96,45,27.1489776123868,fish_larvae,0
97,45,27.1544449833259,fish_larvae,0
98,45,27.1599021394515,fish_larvae,0
99,45,27.1657169795175,fish_larvae,0
100,45,27.172267622787,fish_larvae,0
101,45,27.1805862335909,fish_larvae,0
102,45,27.1931552826829,fish_larvae,0
1,49,28.9409781255159,fish_larvae,0.167145259259012
2,49,28.9836214535758,fish_larvae,0.328733259258772
3,49,28.9956965749872,fish_larvae,1.91842842343552
4,49,29.0006423903733,fish_larvae,0
5,49,29.0051570953568,fish_larvae,0
6,49,29.0104914682639,fish_larvae,0
7,49,29.0188537840443,fish_larvae,0
8,49,29.020072056967,fish_larvae,0
9,49,29.0257795325736,fish_larvae,0
10,49,29.0283197130254,fish_larvae,0
11,49,29.0308598934771,fish_larvae,0
12,49,29.0336447719776,fish_larvae,0
13,49,29.0372919154987,fish_larvae,0
14,49,29.0393077497425,fish_larvae,0
15,49,29.0424652247767,fish_larvae,0
16,49,29.0491646673861,fish_larvae,0
17,49,29.049956949369,fish_larvae,0
18,49,29.0539067100661,fish_larvae,1.69124611013395
19,49,29.0590565473677,fish_larvae,0
20,49,29.0618877939897,fish_larvae,0
21,49,29.0656278369018,fish_larvae,0
22,49,29.0700320011576,fish_larvae,0
23,49,29.073655534654,fish_larvae,0
24,49,29.0778348573051,fish_larvae,0
25,49,29.08284032819,fish_larvae,0
26,49,29.0878943988495,fish_larvae,0
27,49,29.0916838082408,fish_larvae,0
28,49,29.096989689959,fish_larvae,0
29,49,29.1018475214928,fish_larvae,1.35299688810716
30,49,29.107176989685,fish_larvae,0
31,49,29.1117252449607,fish_larvae,1.20125891934748
32,49,29.1175617880829,fish_larvae,0
33,49,29.124178945082,fish_larvae,0
34,49,29.129509813912,fish_larvae,0
35,49,29.1368792459703,fish_larvae,0
36,49,29.1430325489045,fish_larvae,0
37,49,29.1502468510126,fish_larvae,0
38,49,29.1574149166821,fish_larvae,0
39,49,29.1648073702486,fish_larvae,0
40,49,29.1730407709485,fish_larvae,0
41,49,29.1804049474058,fish_larvae,0
42,49,29.1886895743464,fish_larvae,0
43,49,29.1957538087667,fish_larvae,0
44,49,29.198957358711,fish_larvae,0
45,49,29.2025833562679,fish_larvae,0
46,49,29.2062210895536,fish_larvae,0
47,49,29.2098588242418,fish_larvae,0
48,49,29.2131538910847,fish_larvae,0
49,49,29.2176563882261,fish_larvae,0
50,49,29.2213664477265,fish_larvae,0
51,49,29.2258929629496,fish_larvae,0
52,49,29.2295638253606,fish_larvae,0
53,49,29.2340723431175,fish_larvae,0
54,49,29.2389972168278,fish_larvae,0
55,49,29.2443146560591,fish_larvae,0
56,49,29.2487621966903,fish_larvae,0
57,49,29.2548660051253,fish_larvae,0
58,49,29.2609935214988,fish_larvae,0
59,49,29.2664087406585,fish_larvae,0
60,49,29.2734767394148,fish_larvae,0
61,49,29.2801440196045,fish_larvae,0
62,49,29.2875133624341,fish_larvae,0
63,49,29.2931214823092,fish_larvae,0
64,49,29.2984862770783,fish_larvae,0
65,49,29.3024490431511,fish_larvae,0
66,49,29.3068521181148,fish_larvae,0
67,49,29.3112320207996,fish_larvae,0
68,49,29.3152190667358,fish_larvae,0
69,49,29.3204252373726,fish_larvae,0
70,49,29.3259908568476,fish_larvae,0
71,49,29.3311934680987,fish_larvae,0
72,49,29.3374122389661,fish_larvae,0
73,49,29.3426472539136,fish_larvae,0
74,49,29.3476438288417,fish_larvae,0
75,49,29.351246370806,fish_larvae,1.35299688810716
76,49,29.3559377856204,fish_larvae,0
77,49,29.3602816901947,fish_larvae,0
78,49,29.3646940849753,fish_larvae,0
79,49,29.3698132163552,fish_larvae,0
80,49,29.3752971894499,fish_larvae,0
81,49,29.3805987467056,fish_larvae,0
82,49,29.3860983518441,fish_larvae,0
83,49,29.3913707040915,fish_larvae,0
84,49,29.3952567931079,fish_larvae,0
85,49,29.3988188814392,fish_larvae,0
86,49,29.403162384502,fish_larvae,0
87,49,29.4082622786754,fish_larvae,0
88,49,29.4130183620822,fish_larvae,0
89,49,29.4180995470899,fish_larvae,0
90,49,29.4244792606304,fish_larvae,0
91,49,29.4292104131638,fish_larvae,0
92,49,29.4336213071549,fish_larvae,0
93,49,29.4382791232441,fish_larvae,0
94,49,29.4442052156521,fish_larvae,0
95,49,29.4490884679406,fish_larvae,0
96,49,29.4547192643871,fish_larvae,0
97,49,29.4607466007197,fish_larvae,0
98,49,29.4659686054712,fish_larvae,0
99,49,29.4725109736709,fish_larvae,0
100,49,29.4784781757036,fish_larvae,0
101,49,29.4862928438503,fish_larvae,0
102,49,29.4972800196461,fish_larvae,0
